{"loss": 0.001083082752302289, "_timestamp": 1715209846.8485382, "_runtime": 1.4084782600402832, "_step": 9, "accuracy": 1.0, "_wandb": {"runtime": 0}}