{"loss": 0.046794068068265915, "_timestamp": 1715208659.027046, "_runtime": 1.397094964981079, "_step": 499, "_wandb": {"runtime": 0}}