{"loss": 0.049101609736680984, "_timestamp": 1715186449.3624651, "_runtime": 1.5166552066802979, "_step": 499, "_wandb": {"runtime": 0}}