{"loss": 0.20029707252979279, "_timestamp": 1715209793.635183, "_runtime": 1.3771331310272217, "_step": 9, "accuracy": 0.9666666388511658, "_wandb": {"runtime": 0}}