{"loss": 0.00034963004873134196, "_timestamp": 1715209773.0449421, "_runtime": 1.4621751308441162, "_step": 9, "accuracy": 0.9666666388511658, "_wandb": {"runtime": 0}}