{"loss": 0.03420362249016762, "_timestamp": 1715209751.982498, "_runtime": 1.3911399841308594, "_step": 9, "accuracy": 1.0, "_wandb": {"runtime": 0}}