{"loss": 0.0473102405667305, "_timestamp": 1715209958.930378, "_runtime": 1.3602259159088135, "_step": 99, "accuracy": 1.0, "_wandb": {"runtime": 0}}