{"loss": 0.0347079299390316, "_timestamp": 1715209836.087648, "_runtime": 1.4230878353118896, "_step": 9, "accuracy": 0.9666666388511658, "_wandb": {"runtime": 0}}