{"loss": 0.0481523796916008, "_timestamp": 1715337542.994306, "_runtime": 1.9069850444793701, "_step": 499, "_wandb": {"runtime": 1}}