{"loss": 0.04720482602715492, "_timestamp": 1715209990.5521579, "_runtime": 1.538451910018921, "_step": 99, "accuracy": 1.0, "_wandb": {"runtime": 0}}