{"loss": 0.03859890252351761, "_timestamp": 1715340269.191006, "_runtime": 1.7936420440673828, "_step": 99, "accuracy": 1.0, "_wandb": {"runtime": 0}}