{"loss": 0.11051876097917557, "_timestamp": 1715209979.6019552, "_runtime": 1.368861198425293, "_step": 99, "accuracy": 0.9666666388511658, "_wandb": {"runtime": 0}}