{"loss": 0.046709321439266205, "_timestamp": 1715337719.550105, "_runtime": 1.737577199935913, "_step": 499, "_wandb": {"runtime": 0}}