{"loss": 0.04857645928859711, "_timestamp": 1715208602.380772, "_runtime": 1.6970460414886475, "_step": 499, "_wandb": {"runtime": 0}}