{"loss": 0.04809907451272011, "_timestamp": 1715339029.9256508, "_runtime": 1.7594068050384521, "_step": 499, "_wandb": {"runtime": 1}}