{"loss": 0.15905509889125824, "_timestamp": 1715209804.621591, "_runtime": 1.4965531826019287, "_step": 9, "accuracy": 1.0, "_wandb": {"runtime": 0}}