{"loss": 0.046546705067157745, "_timestamp": 1715209783.82704, "_runtime": 1.442983865737915, "_step": 9, "accuracy": 1.0, "_wandb": {"runtime": 0}}