{"loss": 0.04681415483355522, "_timestamp": 1715184021.242531, "_runtime": 1.2066221237182617, "_step": 999, "_wandb": {"runtime": 8}}