{"loss": 0.04679904878139496, "_timestamp": 1715339499.514836, "_runtime": 2.0762641429901123, "_step": 504, "accuracy": 1.0, "_wandb": {"runtime": 0}}