{"loss": 0.047389231622219086, "_timestamp": 1715340247.834052, "_runtime": 1.655623197555542, "_step": 99, "accuracy": 1.0, "_wandb": {"runtime": 0}}