{"loss": 0.0002672805276233703, "_timestamp": 1715209927.5180311, "_runtime": 1.3386151790618896, "_step": 99, "accuracy": 0.9666666388511658, "_wandb": {"runtime": 0}}