{"loss": 0.11617180705070496, "_timestamp": 1715209916.882636, "_runtime": 1.4309101104736328, "_step": 99, "accuracy": 1.0, "_wandb": {"runtime": 0}}