{"loss": 0.046916376799345016, "_timestamp": 1715184564.173952, "_runtime": 2.127523183822632, "_step": 999, "_wandb": {"runtime": 0}}