{"loss": 0.1154855415225029, "_timestamp": 1715209948.0844002, "_runtime": 1.4452171325683594, "_step": 99, "accuracy": 1.0, "_wandb": {"runtime": 0}}