{"loss": 0.04916144162416458, "_timestamp": 1715209741.06821, "_runtime": 1.348809003829956, "_step": 9, "accuracy": 1.0, "_wandb": {"runtime": 0}}