{"train/loss": 0.2408, "train/learning_rate": 2.4987506246876563e-08, "train/epoch": 1.0, "train/global_step": 2501, "_timestamp": 1713830744.543639, "_runtime": 861.6060929298401, "_step": 250, "train/train_runtime": 862.894, "train/train_samples_per_second": 11.59, "train/train_steps_per_second": 2.898, "train/total_flos": 657181349323776.0, "train/train_loss": 0.3173792798285101}