{"train/loss": 1.0818, "train/learning_rate": 0.027000000000000003, "train/epoch": 0.11, "train/global_step": 270, "_timestamp": 1713827907.960682, "_runtime": 89.63772988319397, "_step": 26}