{"loss": 0.044029902666807175, "_timestamp": 1715209731.0317068, "_runtime": 2.1692728996276855, "_step": 9, "accuracy": 1.0, "_wandb": {"runtime": 1}}