{"loss": 0.036783915013074875, "_timestamp": 1715340206.0544598, "_runtime": 1.6757938861846924, "_step": 99, "accuracy": 1.0, "_wandb": {"runtime": 1}}