{"train/loss": 0.3453, "train/learning_rate": 4.6250000000000006e-05, "train/epoch": 0.26, "train/global_step": 650, "_timestamp": 1713863188.0271392, "_runtime": 217.72891306877136, "_step": 64}