{"loss": 0.048427026718854904, "_timestamp": 1715340225.691827, "_runtime": 1.496103048324585, "_step": 99, "accuracy": 1.0, "_wandb": {"runtime": 0}}