{"train/loss": 0.2326, "train/learning_rate": 2.4987506246876563e-08, "train/epoch": 1.0, "train/global_step": 2501, "_timestamp": 1713827383.758595, "_runtime": 4268.108820915222, "_step": 428, "train/train_runtime": 923.8345, "train/train_samples_per_second": 10.826, "train/train_steps_per_second": 2.707, "train/total_flos": 657181349323776.0, "train/train_loss": 0.25427277436832196}