{"loss": 0.05645376443862915, "_timestamp": 1715188515.422415, "_runtime": 2.332340955734253, "_step": 499, "_wandb": {"runtime": 0}}