{"loss": 0.0347239151597023, "_timestamp": 1715209938.281018, "_runtime": 1.418982982635498, "_step": 99, "accuracy": 1.0, "_wandb": {"runtime": 0}}