{"loss": 0.3425695300102234, "_timestamp": 1715209825.3760881, "_runtime": 1.614206075668335, "_step": 9, "accuracy": 0.8999999761581421, "_wandb": {"runtime": 0}}