{"loss": 0.04673808440566063, "_timestamp": 1715185054.058112, "_runtime": 1.4281399250030518, "_step": 999, "_wandb": {"runtime": 0}}