{"loss": 0.04676384851336479, "_timestamp": 1715185124.05321, "_runtime": 1.1678740978240967, "_step": 999, "_wandb": {"runtime": 0}}