{"loss": 0.342204749584198, "_timestamp": 1715209968.892747, "_runtime": 1.4663608074188232, "_step": 99, "accuracy": 0.9333333373069763, "_wandb": {"runtime": 0}}