{"loss": 0.04846470430493355, "_timestamp": 1715208838.826269, "_runtime": 1.5024898052215576, "_step": 499, "_wandb": {"runtime": 0}}