{"loss": 0.04663896933197975, "_timestamp": 1715184776.191509, "_runtime": 3.947161912918091, "_step": 999, "_wandb": {"runtime": 0}}