{"loss": 0.04658462107181549, "_timestamp": 1715340236.599812, "_runtime": 1.4908020496368408, "_step": 99, "accuracy": 1.0, "_wandb": {"runtime": 0}}