{"loss": 0.04924599453806877, "_timestamp": 1715339522.3270159, "_runtime": 1.7885558605194092, "_step": 504, "accuracy": 1.0, "_wandb": {"runtime": 1}}