{"loss": 0.046986568719148636, "_timestamp": 1715209761.941736, "_runtime": 1.4594168663024902, "_step": 9, "accuracy": 1.0, "_wandb": {"runtime": 0}}