{"loss": 0.048808518797159195, "_timestamp": 1715185578.815613, "_runtime": 1.5382230281829834, "_step": 499, "_wandb": {"runtime": 0}}