{"loss": 0.05074625834822655, "_timestamp": 1715186054.3677282, "_runtime": 1.612234115600586, "_step": 499, "_wandb": {"runtime": 0}}