{"loss": 0.0443909652531147, "_timestamp": 1715340258.133343, "_runtime": 1.86024808883667, "_step": 99, "accuracy": 1.0, "_wandb": {"runtime": 1}}