{"train/loss": 0.2502, "train/learning_rate": 2.4987506246876563e-08, "train/epoch": 1.0, "train/global_step": 2501, "_timestamp": 1713828939.261482, "_runtime": 835.4346220493317, "_step": 250, "train/train_runtime": 836.7096, "train/train_samples_per_second": 11.953, "train/train_steps_per_second": 2.989, "train/total_flos": 657181349323776.0, "train/train_loss": 0.35827445625806037}