{"loss": 0.046618230640888214, "_timestamp": 1715185106.545294, "_runtime": 1.2514770030975342, "_step": 999, "_wandb": {"runtime": 0}}