{"loss": 0.03481495752930641, "_timestamp": 1715340216.022123, "_runtime": 1.5831151008605957, "_step": 99, "accuracy": 0.9666666388511658, "_wandb": {"runtime": 0}}