{"loss": 0.16087593138217926, "_timestamp": 1715209815.34574, "_runtime": 1.3655900955200195, "_step": 9, "accuracy": 1.0, "_wandb": {"runtime": 0}}