{"loss": 0.056338120251894, "_timestamp": 1715208858.172271, "_runtime": 1.5167551040649414, "_step": 499, "_wandb": {"runtime": 0}}