{"loss": 0.04663131758570671, "_timestamp": 1715184162.159499, "_runtime": 2.1437389850616455, "_step": 999, "_wandb": {"runtime": 395}}