{"loss": 0.04645919427275658, "_timestamp": 1715185533.5797088, "_runtime": 1.680527925491333, "_step": 999, "_wandb": {"runtime": 0}}