{"loss": 0.04377709701657295, "_timestamp": 1715340279.154069, "_runtime": 1.5742859840393066, "_step": 99, "accuracy": 1.0, "_wandb": {"runtime": 0}}